PRAGMA foreign_keys=OFF;
BEGIN TRANSACTION;
CREATE TABLE "schema_migrations" ("version" varchar(255) NOT NULL);
INSERT INTO "schema_migrations" VALUES('20120210143345');
INSERT INTO "schema_migrations" VALUES('20120210143622');
INSERT INTO "schema_migrations" VALUES('20120210164224');
INSERT INTO "schema_migrations" VALUES('20120210171749');
INSERT INTO "schema_migrations" VALUES('20120210174043');
INSERT INTO "schema_migrations" VALUES('20120210175805');
INSERT INTO "schema_migrations" VALUES('20120212050924');
INSERT INTO "schema_migrations" VALUES('20120212051608');
INSERT INTO "schema_migrations" VALUES('20120212053700');
INSERT INTO "schema_migrations" VALUES('20120212054216');
INSERT INTO "schema_migrations" VALUES('20120212054550');
INSERT INTO "schema_migrations" VALUES('20120212055729');
INSERT INTO "schema_migrations" VALUES('20120212060551');
INSERT INTO "schema_migrations" VALUES('20120224030223');
INSERT INTO "schema_migrations" VALUES('20120224031444');
INSERT INTO "schema_migrations" VALUES('20120224031544');
INSERT INTO "schema_migrations" VALUES('20120310082434');
INSERT INTO "schema_migrations" VALUES('20120310122220');
INSERT INTO "schema_migrations" VALUES('20120311091600');
INSERT INTO "schema_migrations" VALUES('20120316114849');
INSERT INTO "schema_migrations" VALUES('20120316115910');
INSERT INTO "schema_migrations" VALUES('20120316120010');
INSERT INTO "schema_migrations" VALUES('20120320073824');
INSERT INTO "schema_migrations" VALUES('20120325115804');
INSERT INTO "schema_migrations" VALUES('20120325120048');
INSERT INTO "schema_migrations" VALUES('20120325120344');
INSERT INTO "schema_migrations" VALUES('20120326061900');
INSERT INTO "schema_migrations" VALUES('20120327161137');
INSERT INTO "schema_migrations" VALUES('20120327161212');
INSERT INTO "schema_migrations" VALUES('20120327161254');
INSERT INTO "schema_migrations" VALUES('20120327161329');
INSERT INTO "schema_migrations" VALUES('20120327161607');
INSERT INTO "schema_migrations" VALUES('20120327162336');
INSERT INTO "schema_migrations" VALUES('20120327162432');
INSERT INTO "schema_migrations" VALUES('20120327162707');
INSERT INTO "schema_migrations" VALUES('20120327162745');
INSERT INTO "schema_migrations" VALUES('20120327170919');
INSERT INTO "schema_migrations" VALUES('20120328045750');
INSERT INTO "schema_migrations" VALUES('20120328121030');
INSERT INTO "schema_migrations" VALUES('20120328122257');
INSERT INTO "schema_migrations" VALUES('20120329134909');
INSERT INTO "schema_migrations" VALUES('20120330071248');
INSERT INTO "schema_migrations" VALUES('20120331101409');
INSERT INTO "schema_migrations" VALUES('20120403072836');
INSERT INTO "schema_migrations" VALUES('20120404054625');
INSERT INTO "schema_migrations" VALUES('20120410075641');
INSERT INTO "schema_migrations" VALUES('20120413122012');
INSERT INTO "schema_migrations" VALUES('20120413122111');
INSERT INTO "schema_migrations" VALUES('20120413124301');
INSERT INTO "schema_migrations" VALUES('20120413124310');
INSERT INTO "schema_migrations" VALUES('20120413170501');
INSERT INTO "schema_migrations" VALUES('20120414074213');
CREATE TABLE "users" ("id" INTEGER PRIMARY KEY AUTOINCREMENT NOT NULL, "name" varchar(255), "email" varchar(255), "password_digest" varchar(255), "gender" varchar(255), "created_at" datetime, "updated_at" datetime, "avatar_file_name" varchar(255), "avatar_content_type" varchar(255), "avatar_file_size" integer, "avatar_updated_at" datetime);
INSERT INTO "users" VALUES(25,'我没有名字','1','$2a$10$YT7VZWFIOQWjSEhW989lSuEmlNaPn/0cRLXhBmj17KqIbsRZCGCK2','1','2012-03-10 09:48:44.384311','2012-04-29 06:03:08.976583','1.jpg','image/jpeg',27817,'2012-04-29 06:03:08.756022');
INSERT INTO "users" VALUES(26,'紫电青霜','2','$2a$10$WeFIZyqogeK8slqKQM7vxepymKGtGqZ/Oy2vCKwlnOJp25cu1Yf7.','2','2012-03-10 09:48:54.370882','2012-04-29 06:01:56.943958','0.jpg','image/jpeg',14455,'2012-04-29 06:01:56.690746');
INSERT INTO "users" VALUES(28,'TimYitong','timyitong@gmail.com','$2a$10$08TcjhSYHsJo2TMKpTJdOe8WFdB6RnrIJOj.BKoEISJyL4joHZtG2',NULL,'2012-04-13 01:41:47.533655','2012-04-13 01:41:47.533655',NULL,NULL,NULL,NULL);
INSERT INTO "users" VALUES(29,'祝成琦','zhuchengqi@126.com','$2a$10$I1AUS568iqLMhH12duiQgOFH616zqkPKCZnvYjqJhhPG.vSgyTrde','','2012-04-13 04:47:19.864307','2012-04-13 04:47:45.029730','1_(1).jpg','image/jpeg',30732,'2012-04-13 04:47:44.840320');
INSERT INTO "users" VALUES(30,'styx','andygordo@163.com','$2a$10$7Ca2lPtdPWWNXEjz87rKn.R72bLv0pH4/cv0O/rm4Lz4Y3UbBlLJ2',NULL,'2012-04-13 09:02:40.427082','2012-04-13 09:02:40.427082',NULL,NULL,NULL,NULL);
INSERT INTO "users" VALUES(31,'123','timom@yahoo.com','$2a$10$fNizDcKgkYlAzQOLZsmV..OrqVdNuUsgMhdW/GS.AETZb5Ho04N8q',NULL,'2012-04-14 04:48:34.974719','2012-04-14 04:48:34.974719',NULL,NULL,NULL,NULL);
INSERT INTO "users" VALUES(32,'凌媛','lingyuan@ruc.edu.cn','$2a$10$od7Q9xQBB98j19jOuuJbaOwt0VmZcC4TJW6JZa9FH5elwpnUZweYu',NULL,'2012-05-04 03:18:55.362218','2012-05-04 03:18:55.362218',NULL,NULL,NULL,NULL);
INSERT INTO "users" VALUES(33,'熊多利','3','$2a$10$Sx0EA6VLDa6KaLGRM95dce9sW3dHSQudfQJpZ3eqZ5JgWfpO7CZxS',NULL,'2012-05-15 21:52:32.243445','2012-05-15 21:52:32.243445',NULL,NULL,NULL,NULL);
INSERT INTO "users" VALUES(34,'多利','100','$2a$10$LVFqEHkL7D7fv08/FDvGRur6DuD7Dh2L3pRXyJvXBC2BcdpZzJufe','女','2012-05-15 21:53:44.227897','2012-05-15 21:56:26.916021','qq.jpg','image/jpeg',13868,'2012-05-15 21:56:26.644014');
INSERT INTO "users" VALUES(35,'Jen','jenniferguqin11@hotmail.com','$2a$10$mgzzw3yX67vGBl2wwhaQzeWc1MwTeLrShjVT0kTBL4uwu4ZRY5t3.',NULL,'2012-07-04 03:13:44.522209','2012-07-04 03:13:44.522209',NULL,NULL,NULL,NULL);
INSERT INTO "users" VALUES(36,'周易通','ttlloo@gmail.com','$2a$10$DZxY35lqBJqLXgnnoRn3I.SkKLVgtnucYf25vKkorhvdqXbwM/jN.',NULL,'2012-07-04 10:16:41.706036','2012-07-04 10:16:41.706036',NULL,NULL,NULL,NULL);
CREATE TABLE "location_map_point_imgs" ("id" INTEGER PRIMARY KEY AUTOINCREMENT NOT NULL, "point_id" integer, "imgurl" varchar(255), "created_at" datetime, "updated_at" datetime);
INSERT INTO "location_map_point_imgs" VALUES(1,1,'point/point.gif','2012-02-12 06:00:52.881572','2012-02-12 06:00:52.881572');
INSERT INTO "location_map_point_imgs" VALUES(2,2,'point/point2.gif','2012-02-12 06:01:29.298655','2012-02-12 06:01:29.298655');
INSERT INTO "location_map_point_imgs" VALUES(3,3,'point/point3.gif','2012-02-12 06:01:43.743481','2012-02-12 06:01:43.743481');
CREATE TABLE "location_map_points" ("id" INTEGER PRIMARY KEY AUTOINCREMENT NOT NULL, "point_name" varchar(255), "target_id" integer, "cox" integer, "coy" integer, "point_img_id" integer, "location_map_id" integer, "created_at" datetime, "updated_at" datetime, "width" integer, "height" integer);
INSERT INTO "location_map_points" VALUES(12,'明德主楼',24,69,133,NULL,7,'2012-04-15 21:48:14.617879','2012-04-29 10:44:45.861416',62,29);
INSERT INTO "location_map_points" VALUES(13,'品园一号楼',27,100,319,NULL,7,'2012-04-15 21:49:42.046082','2012-04-29 10:44:14.580588',66,32);
INSERT INTO "location_map_points" VALUES(15,'东区浴室',30,479,152,NULL,7,'2012-04-15 21:51:32.220915','2012-04-29 10:44:00.078685',63,27);
INSERT INTO "location_map_points" VALUES(16,'东区食堂',31,551,303,NULL,7,'2012-04-15 21:54:30.533005','2012-04-29 10:44:00.067902',64,30);
INSERT INTO "location_map_points" VALUES(18,'知行4楼',29,209,71,NULL,7,'2012-04-15 21:56:12.074990','2012-04-29 10:44:00.127027',53,25);
INSERT INTO "location_map_points" VALUES(24,'二楼',28,304,139,NULL,11,'2012-04-29 09:21:21.267043','2012-04-29 10:25:15.070180',85,39);
INSERT INTO "location_map_points" VALUES(25,'一楼',33,300,84,NULL,11,'2012-04-29 09:22:02.683776','2012-04-29 10:25:15.059166',83,39);
INSERT INTO "location_map_points" VALUES(27,'三楼',34,308,189,NULL,11,'2012-04-29 09:22:44.214536','2012-04-29 09:23:30.163061',66,54);
INSERT INTO "location_map_points" VALUES(28,'四楼',35,437,78,NULL,11,'2012-04-29 09:22:49.288505','2012-05-01 08:30:09.477589',105,41);
INSERT INTO "location_map_points" VALUES(29,'五楼',36,439,134,NULL,11,'2012-04-29 09:22:57.210601','2012-05-01 08:30:09.573876',75,42);
INSERT INTO "location_map_points" VALUES(30,'六楼',37,440,196,NULL,11,'2012-04-29 09:23:01.302439','2012-05-01 08:30:09.565409',70,37);
INSERT INTO "location_map_points" VALUES(31,'442',38,13,252,NULL,14,'2012-04-29 09:36:31.036207','2012-04-29 09:36:46.594123',62,101);
CREATE TABLE "user_groups" ("id" INTEGER PRIMARY KEY AUTOINCREMENT NOT NULL, "user_id" integer, "name" varchar(255), "created_at" datetime, "updated_at" datetime);
CREATE TABLE "user_group_follows" ("id" INTEGER PRIMARY KEY AUTOINCREMENT NOT NULL, "user_group_id" integer, "user_id" integer, "created_at" datetime, "updated_at" datetime);
CREATE TABLE "activity_columns" ("id" INTEGER PRIMARY KEY AUTOINCREMENT NOT NULL, "activity_id" integer, "name" varchar(255), "created_at" datetime, "updated_at" datetime);
CREATE TABLE "activity_tweets" ("id" INTEGER PRIMARY KEY AUTOINCREMENT NOT NULL, "activity_id" integer, "acticity_column_id" integer, "tweet_id" integer, "created_at" datetime, "updated_at" datetime);
CREATE TABLE "user_curlocations" ("id" INTEGER PRIMARY KEY AUTOINCREMENT NOT NULL, "user_id" integer, "location_id" integer, "open_time" time, "created_at" datetime, "updated_at" datetime, "inuse" integer);
INSERT INTO "user_curlocations" VALUES(30,26,22,NULL,'2012-05-13 10:43:43.313046','2012-05-13 11:12:04.149133',0);
INSERT INTO "user_curlocations" VALUES(31,25,22,NULL,'2012-05-13 10:46:21.725747','2012-05-14 04:31:39.318955',1);
INSERT INTO "user_curlocations" VALUES(32,26,27,NULL,'2012-05-13 11:12:04.153622','2012-05-13 11:15:17.812914',0);
INSERT INTO "user_curlocations" VALUES(33,26,35,NULL,'2012-05-13 11:15:17.818697','2012-05-13 11:15:20.012056',0);
INSERT INTO "user_curlocations" VALUES(34,26,38,NULL,'2012-05-13 11:15:20.021597','2012-05-13 11:15:23.306618',0);
INSERT INTO "user_curlocations" VALUES(35,26,38,NULL,'2012-05-13 11:15:23.328103','2012-05-13 11:15:31.473015',0);
INSERT INTO "user_curlocations" VALUES(36,26,22,NULL,'2012-05-13 11:15:31.477945','2012-05-13 21:50:55.559724',0);
INSERT INTO "user_curlocations" VALUES(37,26,27,NULL,'2012-05-13 21:50:55.568107','2012-05-13 21:51:07.270185',0);
INSERT INTO "user_curlocations" VALUES(38,26,22,NULL,'2012-05-13 21:51:07.317720','2012-07-04 10:17:36.483322',1);
CREATE TABLE "location_maps" ("id" INTEGER PRIMARY KEY AUTOINCREMENT NOT NULL, "location_id" integer, "inuse" varchar(255), "created_at" datetime, "updated_at" datetime, "map_file_name" varchar(255), "map_content_type" varchar(255), "map_file_size" integer, "map_updated_at" datetime);
INSERT INTO "location_maps" VALUES(7,22,NULL,'2012-04-14 08:54:08.227178','2012-04-14 08:54:08.227178','未命名-2.gif','image/gif',114108,'2012-04-14 08:54:08.112554');
INSERT INTO "location_maps" VALUES(8,23,NULL,'2012-04-14 13:49:09.675722','2012-04-14 13:49:09.675722','未命名-4.png','image/png',236074,'2012-04-14 13:49:09.411943');
INSERT INTO "location_maps" VALUES(9,24,NULL,'2012-04-14 13:51:18.081930','2012-04-14 13:51:18.081930','未命名-6.png','image/png',132102,'2012-04-14 13:51:17.875088');
INSERT INTO "location_maps" VALUES(11,27,NULL,'2012-04-14 13:54:15.014171','2012-04-29 09:12:39.524606','index.png','image/png',7783,'2012-04-29 09:12:39.100087');
INSERT INTO "location_maps" VALUES(12,28,NULL,'2012-04-14 17:08:18.989621','2012-04-29 09:24:09.603992','pinyuan-f2.jpg','image/jpeg',171941,'2012-04-29 09:24:07.276113');
INSERT INTO "location_maps" VALUES(13,34,NULL,'2012-04-29 09:06:41.095599','2012-04-29 09:06:41.095599','pinyuan-f3.jpg','image/jpeg',172719,'2012-04-29 09:06:37.100637');
INSERT INTO "location_maps" VALUES(14,35,NULL,'2012-04-29 09:27:22.573159','2012-04-29 09:27:22.573159','f4.png','image/png',148288,'2012-04-29 09:27:20.184279');
INSERT INTO "location_maps" VALUES(15,38,NULL,'2012-04-29 09:37:35.433308','2012-04-29 09:37:35.433308','442.png','image/png',9866,'2012-04-29 09:37:35.074783');
CREATE TABLE "user_follow_users" ("id" INTEGER PRIMARY KEY AUTOINCREMENT NOT NULL, "user_id" integer, "follow_id" integer, "created_at" datetime, "updated_at" datetime);
INSERT INTO "user_follow_users" VALUES(18,26,30,'2012-04-14 22:23:31.848427','2012-04-14 22:23:31.848427');
INSERT INTO "user_follow_users" VALUES(20,26,29,'2012-04-28 16:14:34.009056','2012-04-28 16:14:34.009056');
INSERT INTO "user_follow_users" VALUES(27,25,26,'2012-04-29 07:27:49.676250','2012-04-29 07:27:49.676250');
INSERT INTO "user_follow_users" VALUES(28,26,25,'2012-04-29 13:50:41.934235','2012-04-29 13:50:41.934235');
INSERT INTO "user_follow_users" VALUES(29,26,32,'2012-05-13 10:55:28.808602','2012-05-13 10:55:28.808602');
INSERT INTO "user_follow_users" VALUES(30,34,26,'2012-05-15 21:54:29.524340','2012-05-15 21:54:29.524340');
INSERT INTO "user_follow_users" VALUES(31,26,34,'2012-07-24 00:50:02.241934','2012-07-24 00:50:02.241934');
CREATE TABLE "user_follow_locations" ("id" INTEGER PRIMARY KEY AUTOINCREMENT NOT NULL, "user_id" integer, "follow_id" integer, "created_at" datetime, "updated_at" datetime);
INSERT INTO "user_follow_locations" VALUES(16,26,22,'2012-05-01 12:16:27.806743','2012-05-01 12:16:27.806743');
CREATE TABLE "user_follow_tags" ("id" INTEGER PRIMARY KEY AUTOINCREMENT NOT NULL, "user_id" integer, "follow_id" integer, "created_at" datetime, "updated_at" datetime);
INSERT INTO "user_follow_tags" VALUES(16,26,36,'2012-05-01 05:44:42.254625','2012-05-01 05:44:42.254625');
INSERT INTO "user_follow_tags" VALUES(18,26,33,'2012-05-01 05:46:08.328388','2012-05-01 05:46:08.328388');
INSERT INTO "user_follow_tags" VALUES(19,26,31,'2012-05-01 12:49:24.484134','2012-05-01 12:49:24.484134');
INSERT INTO "user_follow_tags" VALUES(20,26,37,'2012-05-09 20:44:46.839869','2012-05-09 20:44:46.839869');
CREATE TABLE "tags" ("id" INTEGER PRIMARY KEY AUTOINCREMENT NOT NULL, "wiki" text, "name" varchar(255), "created_at" datetime, "updated_at" datetime, "refnum" integer, "icon_file_name" varchar(255), "icon_content_type" varchar(255), "icon_file_size" integer, "icon_updated_at" datetime);
INSERT INTO "tags" VALUES(30,'尚无描述','sdf','2012-04-28 13:20:31.668610','2012-04-28 13:20:31.668610',0,NULL,NULL,NULL,NULL);
INSERT INTO "tags" VALUES(31,'尚无描述','摄影','2012-04-28 13:20:41.969911','2012-04-28 13:23:14.509263',1,NULL,NULL,NULL,NULL);
INSERT INTO "tags" VALUES(32,'尚无描述','美术','2012-04-28 13:20:56.459650','2012-04-28 13:23:14.504075',1,NULL,NULL,NULL,NULL);
INSERT INTO "tags" VALUES(33,'尚无描述','艺术','2012-04-28 13:21:01.742565','2012-04-28 13:23:14.498717',1,NULL,NULL,NULL,NULL);
INSERT INTO "tags" VALUES(34,'尚无描述','竞赛','2012-04-28 13:21:06.777217','2012-04-28 13:23:14.491541',1,NULL,NULL,NULL,NULL);
INSERT INTO "tags" VALUES(35,'尚无描述','升级','2012-04-28 13:55:38.659374','2012-04-28 13:55:41.208098',1,NULL,NULL,NULL,NULL);
INSERT INTO "tags" VALUES(36,'尚无描述','计算机','2012-04-29 13:42:10.109862','2012-05-12 15:03:10.337067',0,'1585980_094939005_2.jpg','image/jpeg',64405,'2012-05-12 15:03:10.170440');
INSERT INTO "tags" VALUES(37,'尚无描述','信息学院','2012-04-29 13:42:18.394336','2012-04-29 13:42:18.394336',0,NULL,NULL,NULL,NULL);
INSERT INTO "tags" VALUES(38,'尚无描述','哲学','2012-05-14 00:49:35.424088','2012-05-14 00:50:44.349502',1,NULL,NULL,NULL,NULL);
INSERT INTO "tags" VALUES(39,'尚无描述','学术讲座','2012-05-14 00:49:53.856706','2012-05-14 00:50:44.342034',1,NULL,NULL,NULL,NULL);
CREATE TABLE "activity_tags" ("id" INTEGER PRIMARY KEY AUTOINCREMENT NOT NULL, "activity_id" integer, "tag_id" integer, "created_at" datetime, "updated_at" datetime);
INSERT INTO "activity_tags" VALUES(14,148,34,'2012-04-28 13:23:14.463751','2012-04-28 13:23:14.463751');
INSERT INTO "activity_tags" VALUES(15,148,33,'2012-04-28 13:23:14.495549','2012-04-28 13:23:14.495549');
INSERT INTO "activity_tags" VALUES(16,148,32,'2012-04-28 13:23:14.501131','2012-04-28 13:23:14.501131');
INSERT INTO "activity_tags" VALUES(17,148,31,'2012-04-28 13:23:14.506543','2012-04-28 13:23:14.506543');
INSERT INTO "activity_tags" VALUES(18,149,35,'2012-04-28 13:55:41.180660','2012-04-28 13:55:41.180660');
INSERT INTO "activity_tags" VALUES(19,157,39,'2012-05-14 00:50:44.311324','2012-05-14 00:50:44.311324');
INSERT INTO "activity_tags" VALUES(20,157,38,'2012-05-14 00:50:44.346027','2012-05-14 00:50:44.346027');
CREATE TABLE "activity_comments" ("id" INTEGER PRIMARY KEY AUTOINCREMENT NOT NULL, "user_id" integer, "activity_id" integer, "to_user_id" integer, "content" text, "created_at" datetime, "updated_at" datetime);
INSERT INTO "activity_comments" VALUES(58,26,141,NULL,'使得','2012-04-13 19:01:58.340377','2012-04-13 19:01:58.340377');
INSERT INTO "activity_comments" VALUES(59,26,141,NULL,'地方','2012-04-13 19:03:17.897791','2012-04-13 19:03:17.897791');
INSERT INTO "activity_comments" VALUES(60,26,141,NULL,'随碟附送的','2012-04-14 06:31:16.968423','2012-04-14 06:31:16.968423');
INSERT INTO "activity_comments" VALUES(61,26,141,NULL,'随碟附送','2012-04-14 06:31:19.880301','2012-04-14 06:31:19.880301');
INSERT INTO "activity_comments" VALUES(62,26,141,NULL,'玩儿玩儿','2012-04-14 06:31:23.241661','2012-04-14 06:31:23.241661');
INSERT INTO "activity_comments" VALUES(63,26,149,NULL,'这个活动有人参加吗?','2012-04-28 15:22:48.930235','2012-04-28 15:22:48.930235');
INSERT INTO "activity_comments" VALUES(64,26,144,NULL,'这里挺有意思','2012-04-29 13:41:19.117749','2012-04-29 13:41:19.117749');
INSERT INTO "activity_comments" VALUES(65,25,155,NULL,'怎么报名呀','2012-05-03 01:47:20.353199','2012-05-03 01:47:20.353199');
INSERT INTO "activity_comments" VALUES(66,25,155,NULL,'怎么报名呀','2012-05-03 01:47:27.161900','2012-05-03 01:47:27.161900');
INSERT INTO "activity_comments" VALUES(67,26,156,NULL,'听上去不错，不过为啥是在宿舍楼举办啊','2012-05-12 09:11:49.349362','2012-05-12 09:11:49.349362');
INSERT INTO "activity_comments" VALUES(68,26,156,NULL,'多发几条呗','2012-05-13 04:59:25.333262','2012-05-13 04:59:25.333262');
INSERT INTO "activity_comments" VALUES(69,26,156,NULL,'我来设计一件汗衫，嗯嗯','2012-05-13 04:59:56.488770','2012-05-13 04:59:56.488770');
INSERT INTO "activity_comments" VALUES(70,26,156,NULL,'第三方','2012-05-13 05:44:13.202019','2012-05-13 05:44:13.202019');
INSERT INTO "activity_comments" VALUES(71,25,150,NULL,'让我们来对系统进行一下测试','2012-05-13 07:27:08.611683','2012-05-13 07:27:08.611683');
INSERT INTO "activity_comments" VALUES(72,34,149,NULL,'我要打麻将','2012-05-15 21:57:01.754305','2012-05-15 21:57:01.754305');
CREATE TABLE "activity_livereports" ("id" INTEGER PRIMARY KEY AUTOINCREMENT NOT NULL, "user_id" integer, "activity_id" integer, "to_user_id" integer, "content" text, "created_at" datetime, "updated_at" datetime);
CREATE TABLE "location_have_locations" ("id" INTEGER PRIMARY KEY AUTOINCREMENT NOT NULL, "location_id" integer, "child_id" integer, "created_at" datetime, "updated_at" datetime);
INSERT INTO "location_have_locations" VALUES(14,1,22,'2012-04-13 13:37:05.454099','2012-04-13 13:37:05.454099');
INSERT INTO "location_have_locations" VALUES(15,1,23,'2012-04-13 13:41:29.060502','2012-04-13 13:41:29.060502');
INSERT INTO "location_have_locations" VALUES(16,22,24,'2012-04-13 13:42:16.218219','2012-04-13 13:42:16.218219');
INSERT INTO "location_have_locations" VALUES(17,1,25,'2012-04-13 13:51:45.132503','2012-04-13 13:51:45.132503');
INSERT INTO "location_have_locations" VALUES(18,1,26,'2012-04-13 13:52:51.975819','2012-04-13 13:52:51.975819');
INSERT INTO "location_have_locations" VALUES(19,22,27,'2012-04-13 13:53:56.018799','2012-04-13 13:53:56.018799');
INSERT INTO "location_have_locations" VALUES(20,27,28,'2012-04-13 13:54:38.869346','2012-04-13 13:54:38.869346');
INSERT INTO "location_have_locations" VALUES(21,22,29,'2012-04-15 21:50:10.531527','2012-04-15 21:50:10.531527');
INSERT INTO "location_have_locations" VALUES(22,22,30,'2012-04-15 21:51:13.675896','2012-04-15 21:51:13.675896');
INSERT INTO "location_have_locations" VALUES(23,1,31,'2012-04-15 21:52:02.168750','2012-04-15 21:52:02.168750');
INSERT INTO "location_have_locations" VALUES(24,1,32,'2012-04-15 21:52:44.717173','2012-04-15 21:52:44.717173');
INSERT INTO "location_have_locations" VALUES(25,27,33,'2012-04-28 22:20:28.425968','2012-04-28 22:20:28.425968');
INSERT INTO "location_have_locations" VALUES(26,27,34,'2012-04-28 22:20:57.545434','2012-04-28 22:20:57.545434');
INSERT INTO "location_have_locations" VALUES(27,27,35,'2012-04-28 22:21:11.117070','2012-04-28 22:21:11.117070');
INSERT INTO "location_have_locations" VALUES(28,27,36,'2012-04-28 22:21:23.063200','2012-04-28 22:21:23.063200');
INSERT INTO "location_have_locations" VALUES(29,27,37,'2012-04-28 22:21:34.878692','2012-04-28 22:21:34.878692');
INSERT INTO "location_have_locations" VALUES(30,35,38,'2012-04-29 09:35:53.017734','2012-04-29 09:35:53.017734');
CREATE TABLE "activity_user_actions" ("id" INTEGER PRIMARY KEY AUTOINCREMENT NOT NULL, "user_id" integer, "action_type" varchar(255), "note" varchar(255), "created_at" datetime, "updated_at" datetime, "activity_id" integer);
INSERT INTO "activity_user_actions" VALUES(172,26,'create',NULL,'2012-04-13 14:26:45.966501','2012-04-13 14:26:45.966501',140);
INSERT INTO "activity_user_actions" VALUES(173,26,'create',NULL,'2012-04-13 15:53:57.392703','2012-04-13 15:53:57.392703',141);
INSERT INTO "activity_user_actions" VALUES(174,26,'comment','','2012-04-13 19:01:58.337089','2012-04-13 19:01:58.337089',141);
INSERT INTO "activity_user_actions" VALUES(175,26,'create',NULL,'2012-04-14 03:49:52.850899','2012-04-14 03:49:52.850899',142);
INSERT INTO "activity_user_actions" VALUES(176,26,'create',NULL,'2012-04-14 03:59:46.238864','2012-04-14 03:59:46.238864',143);
INSERT INTO "activity_user_actions" VALUES(177,26,'share','','2012-04-15 10:42:10.811316','2012-04-15 10:42:10.811316',141);
INSERT INTO "activity_user_actions" VALUES(178,26,'watch','','2012-04-15 10:42:14.014370','2012-04-15 10:42:14.014370',141);
INSERT INTO "activity_user_actions" VALUES(179,26,'share','','2012-04-27 03:35:39.075183','2012-04-27 03:35:39.075183',141);
INSERT INTO "activity_user_actions" VALUES(180,25,'create',NULL,'2012-04-27 05:25:27.075056','2012-04-27 05:25:27.075056',144);
INSERT INTO "activity_user_actions" VALUES(181,25,'create',NULL,'2012-04-27 05:29:35.114246','2012-04-27 05:29:35.114246',145);
INSERT INTO "activity_user_actions" VALUES(182,26,'create',NULL,'2012-04-27 05:31:01.425593','2012-04-27 05:31:01.425593',146);
INSERT INTO "activity_user_actions" VALUES(183,26,'create',NULL,'2012-04-28 10:29:02.966529','2012-04-28 10:29:02.966529',147);
INSERT INTO "activity_user_actions" VALUES(184,26,'create',NULL,'2012-04-28 13:23:14.551435','2012-04-28 13:23:14.551435',148);
INSERT INTO "activity_user_actions" VALUES(185,26,'create',NULL,'2012-04-28 13:55:41.223180','2012-04-28 13:55:41.223180',149);
INSERT INTO "activity_user_actions" VALUES(186,26,'comment','','2012-04-28 15:22:48.926696','2012-04-28 15:22:48.926696',149);
INSERT INTO "activity_user_actions" VALUES(187,25,'in','','2012-04-29 07:59:17.805654','2012-04-29 07:59:17.805654',149);
INSERT INTO "activity_user_actions" VALUES(188,25,'in','','2012-04-29 08:04:56.691392','2012-04-29 08:04:56.691392',149);
INSERT INTO "activity_user_actions" VALUES(189,26,'comment','','2012-04-29 13:41:19.113748','2012-04-29 13:41:19.113748',144);
INSERT INTO "activity_user_actions" VALUES(190,26,'in','','2012-04-30 02:30:51.224447','2012-04-30 02:30:51.224447',149);
INSERT INTO "activity_user_actions" VALUES(191,26,'create',NULL,'2012-04-30 03:06:17.902695','2012-04-30 03:06:17.902695',150);
INSERT INTO "activity_user_actions" VALUES(194,26,'create',NULL,'2012-05-01 05:42:37.930870','2012-05-01 05:42:37.930870',153);
INSERT INTO "activity_user_actions" VALUES(195,26,'create',NULL,'2012-05-01 06:25:33.497531','2012-05-01 06:25:33.497531',154);
INSERT INTO "activity_user_actions" VALUES(196,26,'create',NULL,'2012-05-01 06:26:18.373225','2012-05-01 06:26:18.373225',155);
INSERT INTO "activity_user_actions" VALUES(197,25,'in','','2012-05-01 23:01:27.427808','2012-05-01 23:01:27.427808',149);
INSERT INTO "activity_user_actions" VALUES(198,25,'comment','','2012-05-03 01:47:20.349353','2012-05-03 01:47:20.349353',155);
INSERT INTO "activity_user_actions" VALUES(199,26,'in','','2012-05-09 04:02:06.297894','2012-05-09 04:02:06.297894',155);
INSERT INTO "activity_user_actions" VALUES(200,26,'in','','2012-05-12 02:06:36.083506','2012-05-12 02:06:36.083506',155);
INSERT INTO "activity_user_actions" VALUES(201,26,'create',NULL,'2012-05-12 08:25:55.737294','2012-05-12 08:25:55.737294',156);
INSERT INTO "activity_user_actions" VALUES(202,26,'in','','2012-05-12 08:26:31.779116','2012-05-12 08:26:31.779116',156);
INSERT INTO "activity_user_actions" VALUES(203,26,'comment','','2012-05-12 09:11:49.345441','2012-05-12 09:11:49.345441',156);
INSERT INTO "activity_user_actions" VALUES(204,26,'in','','2012-05-12 12:53:47.861378','2012-05-12 12:53:47.861378',156);
INSERT INTO "activity_user_actions" VALUES(205,26,'in','''''','2012-05-13 03:56:54.198386','2012-05-13 03:56:54.198386',156);
INSERT INTO "activity_user_actions" VALUES(206,26,'in','''''','2012-05-13 04:02:34.088971','2012-05-13 04:02:34.088971',156);
INSERT INTO "activity_user_actions" VALUES(207,26,'in','''''','2012-05-13 04:02:59.372237','2012-05-13 04:02:59.372237',156);
INSERT INTO "activity_user_actions" VALUES(208,26,'in','''''','2012-05-13 04:07:52.176434','2012-05-13 04:07:52.176434',156);
INSERT INTO "activity_user_actions" VALUES(209,26,'in','''''','2012-05-13 04:08:21.437886','2012-05-13 04:08:21.437886',155);
INSERT INTO "activity_user_actions" VALUES(210,26,'in','''''','2012-05-13 04:09:02.265160','2012-05-13 04:09:02.265160',156);
INSERT INTO "activity_user_actions" VALUES(211,26,'in','''''','2012-05-13 04:09:48.620459','2012-05-13 04:09:48.620459',156);
INSERT INTO "activity_user_actions" VALUES(212,26,'in','''''','2012-05-13 04:20:24.773053','2012-05-13 04:20:24.773053',156);
INSERT INTO "activity_user_actions" VALUES(213,26,'in','''''','2012-05-13 04:20:44.877142','2012-05-13 04:20:44.877142',144);
INSERT INTO "activity_user_actions" VALUES(214,26,'in','''''','2012-05-13 04:21:11.251165','2012-05-13 04:21:11.251165',148);
INSERT INTO "activity_user_actions" VALUES(215,26,'in','''''','2012-05-13 04:21:53.642567','2012-05-13 04:21:53.642567',148);
INSERT INTO "activity_user_actions" VALUES(216,26,'in','''''','2012-05-13 04:22:31.818821','2012-05-13 04:22:31.818821',148);
INSERT INTO "activity_user_actions" VALUES(217,26,'in','''''','2012-05-13 04:22:54.199692','2012-05-13 04:22:54.199692',156);
INSERT INTO "activity_user_actions" VALUES(218,26,'in','''''','2012-05-13 04:24:09.932850','2012-05-13 04:24:09.932850',156);
INSERT INTO "activity_user_actions" VALUES(219,26,'in','''''','2012-05-13 04:25:00.326890','2012-05-13 04:25:00.326890',156);
INSERT INTO "activity_user_actions" VALUES(220,26,'in','''''','2012-05-13 04:29:14.168156','2012-05-13 04:29:14.168156',154);
INSERT INTO "activity_user_actions" VALUES(221,26,'in','''''','2012-05-13 07:11:37.776085','2012-05-13 07:11:37.776085',150);
INSERT INTO "activity_user_actions" VALUES(222,25,'comment','','2012-05-13 07:27:08.606596','2012-05-13 07:27:08.606596',150);
INSERT INTO "activity_user_actions" VALUES(223,26,'create',NULL,'2012-05-14 00:50:44.364411','2012-05-14 00:50:44.364411',157);
INSERT INTO "activity_user_actions" VALUES(224,26,'in','''''','2012-05-14 04:28:53.051073','2012-05-14 04:28:53.051073',157);
INSERT INTO "activity_user_actions" VALUES(225,34,'comment','','2012-05-15 21:57:01.749433','2012-05-15 21:57:01.749433',149);
INSERT INTO "activity_user_actions" VALUES(226,34,'in','''''','2012-05-15 21:57:33.342597','2012-05-15 21:57:33.342597',149);
INSERT INTO "activity_user_actions" VALUES(227,26,'in','''''','2012-05-24 10:16:00.318217','2012-05-24 10:16:00.318217',147);
INSERT INTO "activity_user_actions" VALUES(228,26,'in','''''','2012-05-24 10:16:03.176845','2012-05-24 10:16:03.176845',146);
INSERT INTO "activity_user_actions" VALUES(229,26,'in','''''','2012-05-24 10:16:06.497252','2012-05-24 10:16:06.497252',143);
INSERT INTO "activity_user_actions" VALUES(230,26,'in','''''','2012-06-16 00:47:31.467529','2012-06-16 00:47:31.467529',141);
INSERT INTO "activity_user_actions" VALUES(231,26,'in','''''','2012-07-21 04:06:27.163835','2012-07-21 04:06:27.163835',140);
CREATE TABLE "activity_refs" ("id" INTEGER PRIMARY KEY AUTOINCREMENT NOT NULL, "activity_id" integer, "ref_name" varchar(255), "refnum" integer, "created_at" datetime, "updated_at" datetime);
INSERT INTO "activity_refs" VALUES(81,140,'comment',0,'2012-04-13 14:26:45.978682','2012-04-13 14:26:45.978682');
INSERT INTO "activity_refs" VALUES(82,140,'share',0,'2012-04-13 14:26:45.980857','2012-04-13 14:26:45.980857');
INSERT INTO "activity_refs" VALUES(83,140,'watch',0,'2012-04-13 14:26:45.982715','2012-04-13 14:26:45.982715');
INSERT INTO "activity_refs" VALUES(84,140,'in',1,'2012-04-13 14:26:45.984562','2012-07-21 04:06:27.178839');
INSERT INTO "activity_refs" VALUES(85,141,'comment',5,'2012-04-13 15:53:57.406046','2012-04-14 06:31:23.255039');
INSERT INTO "activity_refs" VALUES(86,141,'share',2,'2012-04-13 15:53:57.408581','2012-04-27 03:35:39.070452');
INSERT INTO "activity_refs" VALUES(87,141,'watch',1,'2012-04-13 15:53:57.410537','2012-04-15 10:42:14.011186');
INSERT INTO "activity_refs" VALUES(88,141,'in',1,'2012-04-13 15:53:57.412454','2012-06-16 00:47:31.511307');
INSERT INTO "activity_refs" VALUES(89,142,'comment',0,'2012-04-14 03:49:52.865098','2012-04-14 03:49:52.865098');
INSERT INTO "activity_refs" VALUES(90,142,'share',0,'2012-04-14 03:49:52.867595','2012-04-14 03:49:52.867595');
INSERT INTO "activity_refs" VALUES(91,142,'watch',0,'2012-04-14 03:49:52.869824','2012-04-14 03:49:52.869824');
INSERT INTO "activity_refs" VALUES(92,142,'in',0,'2012-04-14 03:49:52.871986','2012-04-14 03:49:52.871986');
INSERT INTO "activity_refs" VALUES(93,143,'comment',0,'2012-04-14 03:59:46.252294','2012-04-14 03:59:46.252294');
INSERT INTO "activity_refs" VALUES(94,143,'share',0,'2012-04-14 03:59:46.254915','2012-04-14 03:59:46.254915');
INSERT INTO "activity_refs" VALUES(95,143,'watch',0,'2012-04-14 03:59:46.256989','2012-04-14 03:59:46.256989');
INSERT INTO "activity_refs" VALUES(96,143,'in',1,'2012-04-14 03:59:46.259183','2012-05-24 10:16:07.147357');
INSERT INTO "activity_refs" VALUES(97,144,'comment',1,'2012-04-27 05:25:27.090105','2012-04-29 13:41:19.131079');
INSERT INTO "activity_refs" VALUES(98,144,'share',0,'2012-04-27 05:25:27.093712','2012-04-27 05:25:27.093712');
INSERT INTO "activity_refs" VALUES(99,144,'watch',0,'2012-04-27 05:25:27.096098','2012-04-27 05:25:27.096098');
INSERT INTO "activity_refs" VALUES(100,144,'in',1,'2012-04-27 05:25:27.098287','2012-05-13 04:20:44.897453');
INSERT INTO "activity_refs" VALUES(101,145,'comment',0,'2012-04-27 05:29:35.134988','2012-04-27 05:29:35.134988');
INSERT INTO "activity_refs" VALUES(102,145,'share',0,'2012-04-27 05:29:35.138883','2012-04-27 05:29:35.138883');
INSERT INTO "activity_refs" VALUES(103,145,'watch',0,'2012-04-27 05:29:35.142119','2012-04-27 05:29:35.142119');
INSERT INTO "activity_refs" VALUES(104,145,'in',0,'2012-04-27 05:29:35.145522','2012-04-27 05:29:35.145522');
INSERT INTO "activity_refs" VALUES(105,146,'comment',0,'2012-04-27 05:31:01.441450','2012-04-27 05:31:01.441450');
INSERT INTO "activity_refs" VALUES(106,146,'share',0,'2012-04-27 05:31:01.445065','2012-04-27 05:31:01.445065');
INSERT INTO "activity_refs" VALUES(107,146,'watch',0,'2012-04-27 05:31:01.447958','2012-04-27 05:31:01.447958');
INSERT INTO "activity_refs" VALUES(108,146,'in',1,'2012-04-27 05:31:01.450917','2012-05-24 10:16:03.231640');
INSERT INTO "activity_refs" VALUES(109,147,'comment',0,'2012-04-28 10:29:02.984950','2012-04-28 10:29:02.984950');
INSERT INTO "activity_refs" VALUES(110,147,'share',0,'2012-04-28 10:29:02.989052','2012-04-28 10:29:02.989052');
INSERT INTO "activity_refs" VALUES(111,147,'watch',0,'2012-04-28 10:29:02.992282','2012-04-28 10:29:02.992282');
INSERT INTO "activity_refs" VALUES(112,147,'in',1,'2012-04-28 10:29:02.995098','2012-05-24 10:16:00.381732');
INSERT INTO "activity_refs" VALUES(113,148,'comment',0,'2012-04-28 13:23:14.565111','2012-04-28 13:23:14.565111');
INSERT INTO "activity_refs" VALUES(114,148,'share',0,'2012-04-28 13:23:14.567622','2012-04-28 13:23:14.567622');
INSERT INTO "activity_refs" VALUES(115,148,'watch',0,'2012-04-28 13:23:14.569608','2012-04-28 13:23:14.569608');
INSERT INTO "activity_refs" VALUES(116,148,'in',3,'2012-04-28 13:23:14.571697','2012-05-13 04:22:31.898883');
INSERT INTO "activity_refs" VALUES(117,149,'comment',2,'2012-04-28 13:55:41.236363','2012-05-15 21:57:01.779303');
INSERT INTO "activity_refs" VALUES(118,149,'share',0,'2012-04-28 13:55:41.238888','2012-04-28 13:55:41.238888');
INSERT INTO "activity_refs" VALUES(119,149,'watch',0,'2012-04-28 13:55:41.241155','2012-04-28 13:55:41.241155');
INSERT INTO "activity_refs" VALUES(120,149,'in',5,'2012-04-28 13:55:41.243414','2012-05-15 21:57:33.361371');
INSERT INTO "activity_refs" VALUES(121,150,'comment',1,'2012-04-30 03:06:17.916214','2012-05-13 07:27:08.631654');
INSERT INTO "activity_refs" VALUES(122,150,'share',0,'2012-04-30 03:06:17.918848','2012-04-30 03:06:17.918848');
INSERT INTO "activity_refs" VALUES(123,150,'watch',0,'2012-04-30 03:06:17.920828','2012-04-30 03:06:17.920828');
INSERT INTO "activity_refs" VALUES(124,150,'in',1,'2012-04-30 03:06:17.923666','2012-05-13 07:11:37.793917');
INSERT INTO "activity_refs" VALUES(125,151,'comment',0,'2012-05-01 05:23:04.355167','2012-05-01 05:23:04.355167');
INSERT INTO "activity_refs" VALUES(126,151,'share',0,'2012-05-01 05:23:04.358423','2012-05-01 05:23:04.358423');
INSERT INTO "activity_refs" VALUES(127,151,'watch',0,'2012-05-01 05:23:04.360809','2012-05-01 05:23:04.360809');
INSERT INTO "activity_refs" VALUES(128,151,'in',0,'2012-05-01 05:23:04.363424','2012-05-01 05:23:04.363424');
INSERT INTO "activity_refs" VALUES(129,152,'comment',0,'2012-05-01 05:30:04.206746','2012-05-01 05:30:04.206746');
INSERT INTO "activity_refs" VALUES(130,152,'share',0,'2012-05-01 05:30:04.209917','2012-05-01 05:30:04.209917');
INSERT INTO "activity_refs" VALUES(131,152,'watch',0,'2012-05-01 05:30:04.212996','2012-05-01 05:30:04.212996');
INSERT INTO "activity_refs" VALUES(132,152,'in',0,'2012-05-01 05:30:04.215255','2012-05-01 05:30:04.215255');
INSERT INTO "activity_refs" VALUES(133,153,'comment',0,'2012-05-01 05:42:37.944171','2012-05-01 05:42:37.944171');
INSERT INTO "activity_refs" VALUES(134,153,'share',0,'2012-05-01 05:42:37.946987','2012-05-01 05:42:37.946987');
INSERT INTO "activity_refs" VALUES(135,153,'watch',0,'2012-05-01 05:42:37.949576','2012-05-01 05:42:37.949576');
INSERT INTO "activity_refs" VALUES(136,153,'in',0,'2012-05-01 05:42:37.951869','2012-05-01 05:42:37.951869');
INSERT INTO "activity_refs" VALUES(137,154,'comment',0,'2012-05-01 06:25:33.512355','2012-05-01 06:25:33.512355');
INSERT INTO "activity_refs" VALUES(138,154,'share',0,'2012-05-01 06:25:33.515198','2012-05-01 06:25:33.515198');
INSERT INTO "activity_refs" VALUES(139,154,'watch',0,'2012-05-01 06:25:33.517625','2012-05-01 06:25:33.517625');
INSERT INTO "activity_refs" VALUES(140,154,'in',1,'2012-05-01 06:25:33.519981','2012-05-13 04:29:14.189223');
INSERT INTO "activity_refs" VALUES(141,155,'comment',2,'2012-05-01 06:26:18.387618','2012-05-03 01:47:27.205425');
INSERT INTO "activity_refs" VALUES(142,155,'share',0,'2012-05-01 06:26:18.390617','2012-05-01 06:26:18.390617');
INSERT INTO "activity_refs" VALUES(143,155,'watch',0,'2012-05-01 06:26:18.392637','2012-05-01 06:26:18.392637');
INSERT INTO "activity_refs" VALUES(144,155,'in',3,'2012-05-01 06:26:18.394633','2012-05-13 04:08:21.433949');
INSERT INTO "activity_refs" VALUES(145,156,'comment',4,'2012-05-12 08:25:55.773527','2012-05-13 05:44:13.219288');
INSERT INTO "activity_refs" VALUES(146,156,'share',0,'2012-05-12 08:25:55.776402','2012-05-12 08:25:55.776402');
INSERT INTO "activity_refs" VALUES(147,156,'watch',0,'2012-05-12 08:25:55.779168','2012-05-12 08:25:55.779168');
INSERT INTO "activity_refs" VALUES(148,156,'in',12,'2012-05-12 08:25:55.781900','2012-05-13 04:25:00.348903');
INSERT INTO "activity_refs" VALUES(149,157,'comment',0,'2012-05-14 00:50:44.377225','2012-05-14 00:50:44.377225');
INSERT INTO "activity_refs" VALUES(150,157,'share',0,'2012-05-14 00:50:44.380017','2012-05-14 00:50:44.380017');
INSERT INTO "activity_refs" VALUES(151,157,'watch',0,'2012-05-14 00:50:44.382654','2012-05-14 00:50:44.382654');
INSERT INTO "activity_refs" VALUES(152,157,'in',1,'2012-05-14 00:50:44.384940','2012-05-14 04:28:53.100147');
CREATE TABLE "locations" ("id" INTEGER PRIMARY KEY AUTOINCREMENT NOT NULL, "name" varchar(255), "uptree" varchar(255), "created_at" datetime, "updated_at" datetime, "wiki" text, "location_icon_file_name" varchar(255), "location_icon_content_type" varchar(255), "location_icon_file_size" integer, "location_icon_updated_at" datetime, "nametree" varchar(255));
INSERT INTO "locations" VALUES(1,'root','-','2012-04-13 00:00:00.000','2012-04-13 00:00:00.000',NULL,NULL,NULL,NULL,NULL,'');
INSERT INTO "locations" VALUES(22,'中国人民大学','-1-','2012-04-13 13:37:05.437532','2012-04-16 04:55:42.993571','中国人民大学是中央部属高校，一所以人文社会科学为主，兼有部分理工学科的综合性研究型教育部直属大学.','bd7faf350a53e3e3a71e1236.jpg','image/jpeg',11817,'2012-04-16 04:53:17.516352','-中国人民大学');
INSERT INTO "locations" VALUES(23,'北京航空航天大学','-1-','2012-04-13 13:41:29.047509','2012-04-13 13:41:29.047509','',NULL,NULL,NULL,NULL,'-北京航空航天大学');
INSERT INTO "locations" VALUES(24,'明德主楼','-1-22-','2012-04-13 13:42:16.186707','2012-04-16 01:33:40.509600','','test.jpg','image/jpeg',162978,'2012-04-16 01:33:40.362513','-中国人民大学-明德主楼');
INSERT INTO "locations" VALUES(25,'北京大学','-1-','2012-04-13 13:51:45.119951','2012-04-13 13:51:45.119951','',NULL,NULL,NULL,NULL,'-北京大学');
INSERT INTO "locations" VALUES(26,'浙江大学','-1-','2012-04-13 13:52:51.958698','2012-04-13 13:52:51.958698','',NULL,NULL,NULL,NULL,'-浙江大学');
INSERT INTO "locations" VALUES(27,'品园一号楼','-1-22-','2012-04-13 13:53:56.005880','2012-04-29 11:50:44.359351','','89645f9egw1dsf520u1vnj.jpg','image/jpeg',34187,'2012-04-29 11:50:44.272155','-中国人民大学-品园一号楼');
INSERT INTO "locations" VALUES(28,'二楼','-1-22-27-','2012-04-13 13:54:38.852855','2012-04-13 13:54:38.852855','',NULL,NULL,NULL,NULL,'-中国人民大学-品园一号楼-二楼');
INSERT INTO "locations" VALUES(29,'知行4楼','-1-22-','2012-04-15 21:50:10.517767','2012-04-15 21:50:10.517767','',NULL,NULL,NULL,NULL,'-中国人民大学-知行4楼');
INSERT INTO "locations" VALUES(30,'东区浴室','-1-22-','2012-04-15 21:51:13.662242','2012-04-15 21:51:13.662242','',NULL,NULL,NULL,NULL,'-中国人民大学-东区浴室');
INSERT INTO "locations" VALUES(31,'东区食堂','-1-','2012-04-15 21:52:02.154573','2012-04-15 21:52:02.154573','',NULL,NULL,NULL,NULL,'-东区食堂');
INSERT INTO "locations" VALUES(32,'清华大学','-1-','2012-04-15 21:52:44.703844','2012-04-15 21:52:44.703844','',NULL,NULL,NULL,NULL,'-清华大学');
INSERT INTO "locations" VALUES(33,'一楼','-1-22-27-','2012-04-28 22:20:28.401411','2012-04-28 22:20:28.401411','',NULL,NULL,NULL,NULL,'-中国人民大学-品园一号楼-一楼');
INSERT INTO "locations" VALUES(34,'三楼','-1-22-27-','2012-04-28 22:20:57.530462','2012-04-28 22:20:57.530462','',NULL,NULL,NULL,NULL,'-中国人民大学-品园一号楼-三楼');
INSERT INTO "locations" VALUES(35,'四楼','-1-22-27-','2012-04-28 22:21:11.102889','2012-04-30 03:29:09.560170','','89eb4153gw1dqvtuc55k4j.jpg','image/jpeg',11963,'2012-04-30 03:29:09.492861','-中国人民大学-品园一号楼-四楼');
INSERT INTO "locations" VALUES(36,'五楼','-1-22-27-','2012-04-28 22:21:23.045569','2012-04-28 22:21:23.045569','',NULL,NULL,NULL,NULL,'-中国人民大学-品园一号楼-五楼');
INSERT INTO "locations" VALUES(37,'六楼','-1-22-27-','2012-04-28 22:21:34.864376','2012-04-28 22:21:34.864376','',NULL,NULL,NULL,NULL,'-中国人民大学-品园一号楼-六楼');
INSERT INTO "locations" VALUES(38,'442','-1-22-27-35-','2012-04-29 09:35:52.971869','2012-04-29 09:35:52.971869','谁住在这里呀~我也不知道~',NULL,NULL,NULL,NULL,'-中国人民大学-品园一号楼-四楼-442');
CREATE TABLE "comments" ("id" INTEGER PRIMARY KEY AUTOINCREMENT NOT NULL, "user_id" integer, "content" text, "tweet_id" integer, "created_at" datetime, "updated_at" datetime);
INSERT INTO "comments" VALUES(14,26,'sdfsd',34,'2012-04-13 16:56:15.538864','2012-04-13 16:56:15.538864');
INSERT INTO "comments" VALUES(15,26,'sdfsd',34,'2012-04-13 17:12:06.187666','2012-04-13 17:12:06.187666');
INSERT INTO "comments" VALUES(16,26,'sdfsdsdf',34,'2012-04-13 17:12:30.995565','2012-04-13 17:12:30.995565');
INSERT INTO "comments" VALUES(17,26,'sdf',34,'2012-04-13 17:12:33.521107','2012-04-13 17:12:33.521107');
INSERT INTO "comments" VALUES(18,26,'',34,'2012-04-13 17:12:35.440381','2012-04-13 17:12:35.440381');
INSERT INTO "comments" VALUES(19,26,'sdffs',34,'2012-04-13 17:12:37.979790','2012-04-13 17:12:37.979790');
INSERT INTO "comments" VALUES(20,26,'sdfsd',35,'2012-04-13 17:20:59.718457','2012-04-13 17:20:59.718457');
INSERT INTO "comments" VALUES(21,26,'sdfds',34,'2012-04-13 17:33:10.733584','2012-04-13 17:33:10.733584');
INSERT INTO "comments" VALUES(22,26,'松岛枫',34,'2012-04-13 19:08:33.928766','2012-04-13 19:08:33.928766');
INSERT INTO "comments" VALUES(23,26,'飞',34,'2012-04-13 19:09:30.720547','2012-04-13 19:09:30.720547');
INSERT INTO "comments" VALUES(24,26,'使得',34,'2012-04-13 19:10:27.709564','2012-04-13 19:10:27.709564');
INSERT INTO "comments" VALUES(25,26,'的',34,'2012-04-13 19:10:46.378166','2012-04-13 19:10:46.378166');
INSERT INTO "comments" VALUES(26,26,'的',34,'2012-04-13 19:11:00.496652','2012-04-13 19:11:00.496652');
INSERT INTO "comments" VALUES(27,26,'的松岛枫',34,'2012-04-13 19:11:02.466746','2012-04-13 19:11:02.466746');
INSERT INTO "comments" VALUES(28,26,'地方',34,'2012-04-13 19:12:10.303314','2012-04-13 19:12:10.303314');
INSERT INTO "comments" VALUES(29,26,'第三方',34,'2012-04-13 19:12:23.304251','2012-04-13 19:12:23.304251');
INSERT INTO "comments" VALUES(30,26,'使得',34,'2012-04-13 19:12:33.397009','2012-04-13 19:12:33.397009');
INSERT INTO "comments" VALUES(31,26,'收费单',34,'2012-04-13 19:13:05.322186','2012-04-13 19:13:05.322186');
INSERT INTO "comments" VALUES(32,26,'地方',34,'2012-04-13 19:15:35.696403','2012-04-13 19:15:35.696403');
INSERT INTO "comments" VALUES(33,26,'地方',34,'2012-04-13 19:15:39.603991','2012-04-13 19:15:39.603991');
INSERT INTO "comments" VALUES(34,26,'松岛枫',34,'2012-04-13 19:15:53.363730','2012-04-13 19:15:53.363730');
INSERT INTO "comments" VALUES(35,26,'松岛枫',34,'2012-04-13 19:16:30.331841','2012-04-13 19:16:30.331841');
INSERT INTO "comments" VALUES(36,26,'松岛枫',35,'2012-04-13 19:17:01.763352','2012-04-13 19:17:01.763352');
INSERT INTO "comments" VALUES(37,26,'松岛枫',35,'2012-04-13 19:17:03.149643','2012-04-13 19:17:03.149643');
INSERT INTO "comments" VALUES(38,26,'松岛枫',35,'2012-04-13 19:17:03.742216','2012-04-13 19:17:03.742216');
INSERT INTO "comments" VALUES(39,26,' 开卷考',35,'2012-04-13 19:17:54.422799','2012-04-13 19:17:54.422799');
INSERT INTO "comments" VALUES(40,26,'松岛枫',34,'2012-04-13 19:18:15.795671','2012-04-13 19:18:15.795671');
INSERT INTO "comments" VALUES(41,26,'第三方',36,'2012-04-13 19:18:25.488600','2012-04-13 19:18:25.488600');
INSERT INTO "comments" VALUES(42,26,'地方',34,'2012-04-13 19:20:09.887286','2012-04-13 19:20:09.887286');
INSERT INTO "comments" VALUES(43,26,'多的',35,'2012-04-13 19:20:17.046034','2012-04-13 19:20:17.046034');
INSERT INTO "comments" VALUES(44,26,'多的地方',35,'2012-04-13 19:20:49.894911','2012-04-13 19:20:49.894911');
INSERT INTO "comments" VALUES(45,26,'多的',34,'2012-04-13 19:22:21.872691','2012-04-13 19:22:21.872691');
INSERT INTO "comments" VALUES(46,26,'多的',35,'2012-04-13 19:22:37.122226','2012-04-13 19:22:37.122226');
INSERT INTO "comments" VALUES(47,26,'v',36,'2012-04-13 19:23:00.528999','2012-04-13 19:23:00.528999');
INSERT INTO "comments" VALUES(48,26,'v',36,'2012-04-13 19:23:09.768552','2012-04-13 19:23:09.768552');
INSERT INTO "comments" VALUES(49,26,'的',36,'2012-04-13 19:23:33.857227','2012-04-13 19:23:33.857227');
INSERT INTO "comments" VALUES(50,26,'的',35,'2012-04-13 19:24:21.413349','2012-04-13 19:24:21.413349');
INSERT INTO "comments" VALUES(51,26,'的',35,'2012-04-13 19:24:46.084309','2012-04-13 19:24:46.084309');
INSERT INTO "comments" VALUES(52,26,'的的冯登府',35,'2012-04-13 19:25:08.554921','2012-04-13 19:25:08.554921');
INSERT INTO "comments" VALUES(53,26,'地方',35,'2012-04-13 19:26:47.162689','2012-04-13 19:26:47.162689');
INSERT INTO "comments" VALUES(54,26,'的',36,'2012-04-13 19:27:51.819341','2012-04-13 19:27:51.819341');
INSERT INTO "comments" VALUES(55,26,'的',36,'2012-04-13 19:28:17.833919','2012-04-13 19:28:17.833919');
INSERT INTO "comments" VALUES(56,26,'的',35,'2012-04-13 19:28:58.836163','2012-04-13 19:28:58.836163');
INSERT INTO "comments" VALUES(57,26,'打敌法',36,'2012-04-13 19:30:20.739348','2012-04-13 19:30:20.739348');
INSERT INTO "comments" VALUES(58,26,'的',35,'2012-04-13 19:31:24.081499','2012-04-13 19:31:24.081499');
INSERT INTO "comments" VALUES(59,26,'地方',35,'2012-04-13 19:32:00.546874','2012-04-13 19:32:00.546874');
INSERT INTO "comments" VALUES(60,26,'地方',36,'2012-04-13 19:32:09.428270','2012-04-13 19:32:09.428270');
INSERT INTO "comments" VALUES(61,26,'地方是',34,'2012-04-13 19:33:07.243314','2012-04-13 19:33:07.243314');
INSERT INTO "comments" VALUES(62,26,'收费单',34,'2012-04-13 19:33:34.617929','2012-04-13 19:33:34.617929');
INSERT INTO "comments" VALUES(63,26,'松岛枫',34,'2012-04-13 19:33:54.325789','2012-04-13 19:33:54.325789');
INSERT INTO "comments" VALUES(64,26,'松岛枫',34,'2012-04-13 19:36:07.526256','2012-04-13 19:36:07.526256');
INSERT INTO "comments" VALUES(65,26,'色弱',34,'2012-04-13 19:36:11.720167','2012-04-13 19:36:11.720167');
INSERT INTO "comments" VALUES(66,26,'松岛枫',41,'2012-04-14 05:53:50.967260','2012-04-14 05:53:50.967260');
INSERT INTO "comments" VALUES(67,26,'松岛枫色热热',41,'2012-04-14 05:53:54.146644','2012-04-14 05:53:54.146644');
INSERT INTO "comments" VALUES(68,26,'2423432',41,'2012-04-14 05:53:56.536285','2012-04-14 05:53:56.536285');
INSERT INTO "comments" VALUES(69,26,'234234',41,'2012-04-14 05:53:58.244418','2012-04-14 05:53:58.244418');
INSERT INTO "comments" VALUES(70,26,'234234',41,'2012-04-14 05:54:05.754964','2012-04-14 05:54:05.754964');
INSERT INTO "comments" VALUES(71,26,'234234',41,'2012-04-14 05:54:08.120554','2012-04-14 05:54:08.120554');
INSERT INTO "comments" VALUES(72,26,'手动阀松岛枫',34,'2012-04-14 06:40:26.002380','2012-04-14 06:40:26.002380');
INSERT INTO "comments" VALUES(73,26,'1213213214312343214',34,'2012-04-14 06:40:31.595376','2012-04-14 06:40:31.595376');
INSERT INTO "comments" VALUES(74,26,'撒佛挡杀佛',49,'2012-04-14 12:40:26.196366','2012-04-14 12:40:26.196366');
INSERT INTO "comments" VALUES(75,26,'sdfsd',49,'2012-04-14 12:45:22.989070','2012-04-14 12:45:22.989070');
INSERT INTO "comments" VALUES(76,26,'sdfds',49,'2012-04-14 12:45:25.623486','2012-04-14 12:45:25.623486');
INSERT INTO "comments" VALUES(77,26,'sdfsd',49,'2012-04-14 12:45:28.225503','2012-04-14 12:45:28.225503');
INSERT INTO "comments" VALUES(78,26,'dfs',49,'2012-04-14 12:46:28.771557','2012-04-14 12:46:28.771557');
INSERT INTO "comments" VALUES(79,26,'sdf',49,'2012-04-14 12:46:33.715824','2012-04-14 12:46:33.715824');
INSERT INTO "comments" VALUES(80,26,'sdf',49,'2012-04-14 13:40:02.167918','2012-04-14 13:40:02.167918');
INSERT INTO "comments" VALUES(81,26,'顶一个！',67,'2012-04-28 10:11:19.959319','2012-04-28 10:11:19.959319');
INSERT INTO "comments" VALUES(82,26,'神鼎飞丹砂',67,'2012-04-28 10:11:26.513302','2012-04-28 10:11:26.513302');
INSERT INTO "comments" VALUES(83,26,'神鼎飞丹砂',87,'2012-04-28 10:13:56.617698','2012-04-28 10:13:56.617698');
INSERT INTO "comments" VALUES(84,26,'随碟附送的',86,'2012-04-28 10:15:08.873572','2012-04-28 10:15:08.873572');
INSERT INTO "comments" VALUES(85,26,'神鼎飞丹砂',85,'2012-04-28 10:15:43.355668','2012-04-28 10:15:43.355668');
INSERT INTO "comments" VALUES(86,25,'怎么报名',93,'2012-05-03 01:47:57.772440','2012-05-03 01:47:57.772440');
INSERT INTO "comments" VALUES(87,26,'看上去不错',97,'2012-05-13 04:56:46.238860','2012-05-13 04:56:46.238860');
CREATE TABLE "tweets" ("id" INTEGER PRIMARY KEY AUTOINCREMENT NOT NULL, "user_id" integer, "location_id" integer, "content" varchar(255), "retweetsnum" integer, "commentsnum" integer, "created_at" datetime, "updated_at" datetime, "retweet_id" integer, "activity_id" integer, "t_photo_file_name" varchar(255), "t_photo_content_type" varchar(255), "t_photo_file_size" integer, "t_photo_updated_at" datetime);
INSERT INTO "tweets" VALUES(67,26,22,'又是胡耀邦忌日，为我们当年的平反，他批示了三次，但仍然无力改变。针对这些不买账的单位，他曾经考虑把我们的案件转组织部；但组织部根本无权管我们这些群众。对照今天批评温家宝的人，说什么述而不作，应该明白，就是到了胡耀邦的位置，也不是想做什么经能够做到什么的',2,2,'2012-04-15 20:14:00.074597','2012-04-28 10:11:26.530882',0,0,'656952ectw1dliyorg7u3j.jpg','image/jpeg',16569,'2012-04-15 20:13:59.938012');
INSERT INTO "tweets" VALUES(68,26,22,'【胡耀邦语录】1历史是混不过去的。2民主、自由、平等、博爱等观念是人类精神的一大解放。3如果人民不欢迎我们，就该我们下台了。4不懂的不要装懂，不通的不要装通，不服的不要装服。5中国的出路是民主和科学。6一个精神上、组织上被禁锢被压制的不自由民族怎么可能与其他国家进行自由竞争呢？ZZ',1,0,'2012-04-15 20:31:11.871774','2012-04-27 05:36:51.330441',67,0,NULL,NULL,NULL,NULL);
INSERT INTO "tweets" VALUES(69,26,24,'怎么会有叫这种名字的活动啊？！？',0,0,'2012-04-16 00:15:56.124669','2012-04-16 00:15:56.124669',0,141,NULL,NULL,NULL,NULL);
INSERT INTO "tweets" VALUES(70,26,24,'没有人自习吗？',0,0,'2012-04-16 05:34:43.951002','2012-04-16 05:34:43.951002',0,141,NULL,NULL,NULL,NULL);
INSERT INTO "tweets" VALUES(71,26,22,'大家好，转一条微博！！',0,0,'2012-04-16 05:40:31.771608','2012-04-16 05:40:31.771608',0,0,NULL,NULL,NULL,NULL);
INSERT INTO "tweets" VALUES(72,26,24,'122323',0,0,'2012-04-16 05:43:20.300904','2012-04-16 05:43:20.300904',0,141,NULL,NULL,NULL,NULL);
INSERT INTO "tweets" VALUES(73,26,24,'的发送方',0,0,'2012-04-16 05:45:26.806383','2012-04-16 05:45:26.806383',0,141,NULL,NULL,NULL,NULL);
INSERT INTO "tweets" VALUES(74,26,24,'的发送方',0,0,'2012-04-16 05:45:38.566976','2012-04-16 05:45:38.566976',0,141,NULL,NULL,NULL,NULL);
INSERT INTO "tweets" VALUES(75,26,22,'神鼎飞丹砂',0,0,'2012-04-16 05:49:12.993632','2012-04-16 05:49:12.993632',0,0,NULL,NULL,NULL,NULL);
INSERT INTO "tweets" VALUES(76,26,22,'神鼎飞丹砂',0,0,'2012-04-16 05:50:05.498383','2012-04-16 05:50:05.498383',0,0,NULL,NULL,NULL,NULL);
INSERT INTO "tweets" VALUES(77,26,22,'我发现侧滑不太正常',0,0,'2012-04-16 05:55:33.089868','2012-04-16 05:55:33.089868',0,0,NULL,NULL,NULL,NULL);
INSERT INTO "tweets" VALUES(78,26,22,'收费单',0,0,'2012-04-16 05:58:14.549837','2012-04-16 05:58:14.549837',0,0,NULL,NULL,NULL,NULL);
INSERT INTO "tweets" VALUES(79,26,22,'收费单松岛枫',0,0,'2012-04-16 05:58:30.426558','2012-04-16 05:58:30.426558',0,0,NULL,NULL,NULL,NULL);
INSERT INTO "tweets" VALUES(80,26,22,'sdf//@紫电青霜:【胡耀邦语录】1历史是混不过去的。2民主、自由、平等、博爱等观念是人类精神的一大解放。3如果人民不欢迎我们，就该我们下台了。4不懂的不要装懂，不通的不要装通，不服的不要装服。5中国的出路是民主和科学。6一个精神上、组织上被禁锢被压制的不自由民族怎么可能与其他国家进行自由竞争呢？ZZ',0,0,'2012-04-27 05:36:51.391005','2012-04-27 05:36:51.391005',67,0,NULL,NULL,NULL,NULL);
INSERT INTO "tweets" VALUES(81,26,22,'',0,0,'2012-04-27 21:32:59.890351','2012-04-27 21:32:59.890351',0,0,NULL,NULL,NULL,NULL);
INSERT INTO "tweets" VALUES(82,26,1,'挺不错呀',0,0,'2012-04-27 21:39:40.518087','2012-04-27 21:39:40.518087',0,146,NULL,NULL,NULL,NULL);
INSERT INTO "tweets" VALUES(83,25,22,'khkhkj',0,0,'2012-04-27 22:18:23.440564','2012-04-27 22:18:23.440564',0,0,NULL,NULL,NULL,NULL);
INSERT INTO "tweets" VALUES(84,25,22,'再发一条试试看',0,0,'2012-04-27 22:28:12.306199','2012-04-27 22:28:12.306199',0,0,NULL,NULL,NULL,NULL);
INSERT INTO "tweets" VALUES(85,26,22,'很多时候，宁愿被误会，也不想去解释。信与不信，就在你一念之间。懂我的人，何必解释。',0,1,'2012-04-28 09:14:43.487725','2012-04-28 10:15:43.382917',0,0,'89645f9egw1dsf520u1vnj.jpg','image/jpeg',34187,'2012-04-28 09:14:43.322541');
INSERT INTO "tweets" VALUES(86,26,27,'10多年前的夏天你是否也这样度过？有木有~~~',0,1,'2012-04-28 09:15:51.080486','2012-04-28 10:15:08.920881',0,0,'68bbb32bjw1dsfky4kgmij.jpg','image/jpeg',44904,'2012-04-28 09:15:50.920766');
INSERT INTO "tweets" VALUES(87,26,24,'一 特 价，耐 克赤 足付 款抢 购中。。。。。',0,1,'2012-04-28 09:18:10.480442','2012-04-28 10:13:56.638977',0,0,'a0a9a6bfgw1ds9eocs4hjj.jpg','image/jpeg',98307,'2012-04-28 09:18:10.224711');
INSERT INTO "tweets" VALUES(88,26,22,'想去啊。。。',0,0,'2012-04-28 10:29:36.630243','2012-04-28 10:29:36.630243',0,147,NULL,NULL,NULL,NULL);
INSERT INTO "tweets" VALUES(89,26,1,'这个活动需要自费吗？',2,0,'2012-04-29 13:46:49.953070','2012-05-01 13:06:05.875202',0,144,NULL,NULL,NULL,NULL);
INSERT INTO "tweets" VALUES(90,26,1,'这个活动有意思',1,0,'2012-05-01 13:05:31.025889','2012-05-01 13:06:05.880327',89,144,NULL,NULL,NULL,NULL);
INSERT INTO "tweets" VALUES(91,26,1,'多多宣传~//@紫电青霜:这个活动有意思',0,0,'2012-05-01 13:06:05.892731','2012-05-01 13:06:05.892731',89,144,NULL,NULL,NULL,NULL);
INSERT INTO "tweets" VALUES(92,25,27,'有没有那么一种感觉：每个班级里，最开心，最快乐的，总是坐在最后面的那排同学。。。',0,0,'2012-05-01 13:11:16.794351','2012-05-01 13:11:16.794351',0,0,'89eb4153jw1dsjb777gqvj_(1).jpg','image/jpeg',41978,'2012-05-01 13:11:16.501182');
INSERT INTO "tweets" VALUES(93,26,1,'收费吗？',1,1,'2012-05-02 04:16:56.250794','2012-05-03 01:48:16.094517',0,144,NULL,NULL,NULL,NULL);
INSERT INTO "tweets" VALUES(94,25,1,'怎么报名呀',0,0,'2012-05-03 01:48:16.106676','2012-05-03 01:48:16.106676',93,144,NULL,NULL,NULL,NULL);
INSERT INTO "tweets" VALUES(95,26,22,'April 25, 2012 - 英国巴斯，油菜花盛开，乡村一片金灿灿的景象。在英国乡村，越来越多的农民种植油菜花，因为油菜籽用途广泛，且极易生长。摄影师：Matt Cardy ',0,0,'2012-05-12 02:02:57.853701','2012-05-12 02:02:57.853701',0,0,'6272e46ejw1dsvhib9oqbj.jpg','image/jpeg',45065,'2012-05-12 02:02:55.864816');
INSERT INTO "tweets" VALUES(96,26,35,'April 30, 2012 - 内阿彭策尔州的公民们聚集在广场上，参加当地一年一度的露天州民大会，瑞士。州民大会是历史最悠久的民主形式，所有公民通过举手表决来决定全州事务决策，整个瑞士仅有2个州依然在使用这一超过700年历史的政治',1,0,'2012-05-12 02:21:38.877504','2012-05-13 02:02:21.233138',0,0,'6272e46ejw1dsvhgr7rn2j.jpg','image/jpeg',67186,'2012-05-12 02:21:38.657043');
INSERT INTO "tweets" VALUES(97,26,35,'听上去不错',0,1,'2012-05-13 02:02:21.252431','2012-05-13 04:56:46.255846',96,0,NULL,NULL,NULL,NULL);
INSERT INTO "tweets" VALUES(98,26,35,'好想参加啊',0,0,'2012-05-13 05:32:48.549688','2012-05-13 05:32:48.549688',0,156,NULL,NULL,NULL,NULL);
CREATE TABLE "activities" ("id" INTEGER PRIMARY KEY AUTOINCREMENT NOT NULL, "created_at" datetime, "updated_at" datetime, "starttime" datetime, "endtime" datetime, "location_id" integer, "title" varchar(255), "slogan" text, "content" text, "user_id" integer, "photo_file_name" varchar(255), "photo_content_type" varchar(255), "photo_file_size" integer, "photo_updated_at" datetime);
INSERT INTO "activities" VALUES(140,'2012-04-13 14:26:45.950070','2012-04-13 14:26:45.950070','2012-04-13 00:00:00.000000','2012-04-13 23:59:00.000000',22,'吃饭','','',26,NULL,NULL,NULL,NULL);
INSERT INTO "activities" VALUES(141,'2012-04-13 15:53:57.376975','2012-05-12 14:55:34.294290','2012-05-21 12:00:00.000000','2012-05-29 11:59:00.000000',22,'星球大战展播','等灯登登登灯灯，灯灯灯登等，等等等！','',26,'744873c3ddeac5e3d00060c5.jpg','image/jpeg',331948,'2012-05-12 14:55:33.915730');
INSERT INTO "activities" VALUES(142,'2012-04-14 03:49:52.808793','2012-04-14 03:49:52.808793','2012-04-13 12:00:00.000000','2012-04-14 11:59:00.000000',1,'','','',26,'test_(1).jpg','image/jpeg',2407,'2012-04-14 03:49:52.594305');
INSERT INTO "activities" VALUES(143,'2012-04-14 03:59:46.221765','2012-04-14 03:59:46.221765','2012-04-13 12:00:00.000000','2012-04-14 11:59:00.000000',1,'','','',26,NULL,NULL,NULL,NULL);
INSERT INTO "activities" VALUES(144,'2012-04-27 05:25:27.048176','2012-05-12 13:56:30.584767','2012-03-31 12:00:00.000000','2012-06-30 11:59:00.000000',1,'中国人民大学信息学院2012年优秀大学生夏令营招生','      联系人：潘旭燕老师 
      联系电话：010-62513007 
      Email：panxuyan@ruc.edu.cn','中国人民大学信息学院成立于1994年，由1978年成立的经济信息管理系和1986年成立的校信息中心合并组建而成，现设经济信息管理系、计算机科学与技术系、数学系3个系。2005年经批准与本校信息资源管理学院合办教育部“数据工程与知识工程重点实验室”。 
学院现有信息管理与信息系统、计算机科学与技术、数学与应用数学、信息安全4个本科专业；数学、计算机科学与技术2个一级学科博士学位授权点；系统科学、管理科学与工程2个一级学科硕士学位授权点；计算机应用技术、计算机软件与理论、信息安全、基础数学、应用数学、概率论与数理统计6个博士点；计算机应用技术、计算机软件与理论、计算机系统结构、信息安全、管理科学与工程、系统理论、运筹学与控制论、基础数学、应用数学、概率论与数理统计、计算数学11个硕士学位点；软件工程、项目管理两个工程硕士专业学位点；计算机科学与技术博士后流动站。计算机应用技术为北京市重点学科。 
为加强各高校大学生的沟通和交流，加深同学们对中国人民大学信息学院各学科专业特色的了解，发挥我院在相关领域的优势为广大优秀学子尽早接触学科前沿创造机会，激发学生的专业兴趣，帮助学生确立未来发展方向和目标，中国人民大学信息学院将于2012年7月16日-7月20日举办“2012年优秀大学生夏令营”。 
该夏令营将面向全国知名高校招收计算机科学与技术、信息安全、数学、信息管理与信息系统等相关专业的优秀在读三年级学生来中国人民大学进行短期学习交流和访问。期间将举办海外知名教授讲座、前沿课程及研讨等专题活动，并通过座谈、参观等方式了解中国人民大学特别是信息学院各学科领域的特色和发展近况，并通过选拔确定各硕士专业招收外校推荐免试生和各博士专业招收直博生的预录名单。夏令营学员在全程参加夏令营活动后将获得中国人民大学信息学院颁发的“中国人民大学信息学院2012年优秀大学生夏令营”结业证书。 
夏令营主办方将为营员提供夏令营期间食宿，以及京外高校学生单程硬座火车票费用(需有车票)。
一、申请条件 
985所属重点高校数学、计算机、信息及其相关专业三年级学生(2013年毕业生), 学习成绩优秀，本科期间总评成绩排名在年级前20%，能取得推荐免试资格。 
211所属重点高校数学、计算机、信息及其相关专业三年级学生(2013年毕业生),学习成绩优秀，本科期间总评成绩排名在年级前5%，能取得推荐免试资格。 
在数学、计算机、信息等方面有浓厚兴趣，并有较强的或潜在的研究能力。 
应有两名教师推荐。 
英语达到国家六级水平（425分以上）。
二、申请材料 
中国人民大学信息学院优秀大学生夏令营申请表（下载地址：http://info.ruc.edu.cn/SummerSchool2012/）。 
本人简历。 
成绩单原件（官方出具）。 
专业和综合成绩排名原件（官方出具）。 
2份副教授及以上老师推荐信（见附表）。 
其他获奖证明材料（体现自身学术水平的代表性学术论文的复印件、获奖证书复印件、英语四、六级证书复印件等）。
三、申请流程 
在信息学院学院网站上下载“中国人民大学信息学院优秀大学生夏令营申请表”和“中国人民大学信息学院优秀大学生夏令营专家推荐信”； 将申请表word文档发送至inforuc@126.com，文件名格式：姓名_学校.doc；将申请表、个人简历、成绩单、证书复印件等申请材料合并成一个PDF格式发送到inforuc@126.com,文件名格式：姓名_学校.pdf； 于6月15日前进行在线注册（在线注册入口），填写相关个人信息； 
将申请表、个人简历、成绩单、推荐信、证书复印件等申请材料一并装入信封，信封正面注明姓名、所在学校及院系，并注明“中国人民大学信息学院优秀大学生夏令营申请”。 
邮寄材料截止日期为6月15日（以邮戳为准），过期不再接受申请。务必以快递方式邮寄，不接受包裹。 
资格审核工作于6月底结束，营员名单将于7月初在中国人民大学信息学院网站（http://info.ruc.edu.cn）及暑期夏令营网站（http://info.ruc.edu.cn/SummerSchool2012）上公布并通知本人（电话或Email通知），届时未接到通知的同学皆为未入选者，不另行通知。
四、夏令营活动内容 
7月16日上午营员报到，下午夏令营开始; 
信息学院全面情况介绍。 
学科专业及研究方向专题讲座。 
参观实验室和校园。 
招收推免生和直博生复试。 
7月20日返程离校。
五、复试内容 
参见http://info.ruc.edu.cn/SummerSchool2012/ 
注：营员报到后要求全程参加夏令营活动。
六、材料邮寄地址及联系方式 
通讯地址： 北京市海淀区中国人民大学信息楼245室 
邮编：100872 
联系人：潘旭燕老师 
联系电话：010-62513007 
Email：panxuyan@ruc.edu.cn',25,'中共中国人民大学信息学院党委会组成big.jpg','image/jpeg',35606,'2012-05-12 13:56:30.374955');
INSERT INTO "activities" VALUES(145,'2012-04-27 05:29:35.087176','2012-05-12 15:00:33.118882','2012-05-09 00:00:00.000000','2012-05-09 05:00:00.000000',27,'信息学院实验室开放日！','','',25,'20110907213657208.jpg','image/jpeg',289514,'2012-05-12 15:00:32.414734');
INSERT INTO "activities" VALUES(146,'2012-04-27 05:31:01.368723','2012-05-12 14:02:19.609941','2012-05-12 12:00:00.000000','2012-05-13 11:59:00.000000',1,'中国人民大学自游人协会五一穿越库布齐沙漠','欢迎大家到品一会客厅报名','',26,'1154668627066.jpg','image/jpeg',34202,'2012-05-12 14:02:19.403644');
INSERT INTO "activities" VALUES(147,'2012-04-28 10:29:02.906778','2012-05-12 14:57:37.754578','2012-05-12 12:00:00.000000','2012-05-13 11:59:00.000000',22,'四月人民大学春假，成都九寨自助旅行','','',26,'3152336_095408089889_2.jpg','image/jpeg',232274,'2012-05-12 14:57:37.375355');
INSERT INTO "activities" VALUES(148,'2012-04-28 13:23:14.447882','2012-05-12 14:08:52.358774','2012-05-08 12:00:00.000000','2012-05-23 11:59:00.000000',22,'中国人民大学第16届黑板报比赛','','',26,'lessonly.png','image/png',96905,'2012-05-12 14:08:51.404629');
INSERT INTO "activities" VALUES(149,'2012-04-28 13:55:41.095586','2012-05-12 13:58:43.823189','2012-05-30 07:00:00.000000','2012-05-30 11:59:00.000000',27,'2008级毕业生升级大奖赛','升级大奖赛','',26,'201109302116444000.jpg','image/jpeg',174057,'2012-05-12 13:58:43.583735');
INSERT INTO "activities" VALUES(150,'2012-04-30 03:06:17.883949','2012-05-13 01:35:12.400888','2012-05-13 08:00:00.000000','2012-05-14 10:00:00.000000',22,'测试ongoing','','',26,'200955151143.jpg','image/jpeg',27614,'2012-05-13 01:35:12.192798');
INSERT INTO "activities" VALUES(153,'2012-05-01 05:42:37.912824','2012-05-12 14:50:47.037875','2012-05-23 08:00:00.000000','2012-05-23 10:00:00.000000',27,'UI设计讲座','','',26,'collage.png','image/png',191189,'2012-05-12 14:50:46.461824');
INSERT INTO "activities" VALUES(154,'2012-05-01 06:25:33.440227','2012-05-12 14:01:18.734216','2012-05-12 12:00:00.000000','2012-05-13 11:59:00.000000',22,'第十三届WEB技术会议','','',26,'dribbble.jpg','image/jpeg',77535,'2012-05-12 14:01:18.515194');
INSERT INTO "activities" VALUES(155,'2012-05-01 06:26:18.355062','2012-05-13 03:49:19.630420','2012-05-12 12:00:00.000000','2012-05-13 11:59:00.000000',1,'人大信息学院dota大奖赛','cw模式，两个裁判，单回合淘汰制','',26,'20115520201522009623.jpg','image/jpeg',500956,'2012-05-12 14:04:42.784768');
INSERT INTO "activities" VALUES(156,'2012-05-12 08:25:55.610887','2012-05-13 04:38:56.997157','2012-05-12 12:00:00.000000','2012-05-13 11:59:00.000000',35,'品知人大文化衫设计大赛','  1.  需要带有品知人大标识或者能够明显分辨出品知的图案。
            2.  参赛作品必须原创，不得抄袭。倘若涉及版权纠纷，品知人大概不负责。
            3.  图案位置：胸前、背后、下摆、手臂等均可。
            4.  图案大小：不限制，自行发挥，可以附加中文、英文、缩写等各种形式，个性化设计部分亦可。
            5.  主题：品知人大与2012届的毕业季。
            6.  风格：简洁、鲜明、温馨，创意大胆。不允许出现色情、暴力、政治等一切不和谐因素。
            7.  文化衫样式：短袖圆领T恤，底色不限。
            8.  每个作品需要有一个文件名，并附上设计说明。
            9.  作品保存为tif、psd等源格式文件，另存一份JPG格式预览图。
            10.  允许一个ID投多件作品，奖励按作品计，可累加。','',26,'tribe.gif','image/gif',306403,'2012-05-12 13:52:40.564949');
INSERT INTO "activities" VALUES(157,'2012-05-14 00:50:44.223324','2012-05-14 00:50:44.223324','2012-05-16 02:30:00.000000','2012-05-16 04:30:00.000000',22,'[青年哲学论坛]Michael Devitt教授讲座第一讲','题目:WHAT MAKES A PROPERTY “SEMANTIC”?

主讲人: Professor Michael Devitt

主讲人简介：Distinguished Professor of Philosophy, The Graduate Center,The City University of New York纽约城市大学哲学系著名教授

Ph.D. Harvard University

Research Interests:Philosophy of Language, Philosophy of Mind, Metaphysics, Current projects include: the philosophy of linguistics; foundational issues in semantics; the semantics of definite descriptions and demonstratives; semantic externalism; contemporary debates about scientific realism

主持人：韩东晖（中国人民大学哲学院教授、副院长）','',26,'1_劍橋國王學院二_(1).jpg','image/jpeg',653390,'2012-05-14 00:50:41.806414');
DELETE FROM sqlite_sequence;
INSERT INTO "sqlite_sequence" VALUES('users',36);
INSERT INTO "sqlite_sequence" VALUES('location_map_point_imgs',3);
INSERT INTO "sqlite_sequence" VALUES('location_map_points',31);
INSERT INTO "sqlite_sequence" VALUES('user_groups',33);
INSERT INTO "sqlite_sequence" VALUES('user_group_follows',221);
INSERT INTO "sqlite_sequence" VALUES('location_maps',15);
INSERT INTO "sqlite_sequence" VALUES('location_have_locations',30);
INSERT INTO "sqlite_sequence" VALUES('activity_user_actions',231);
INSERT INTO "sqlite_sequence" VALUES('activity_comments',72);
INSERT INTO "sqlite_sequence" VALUES('tags',39);
INSERT INTO "sqlite_sequence" VALUES('activity_tags',20);
INSERT INTO "sqlite_sequence" VALUES('user_follow_locations',16);
INSERT INTO "sqlite_sequence" VALUES('user_follow_tags',20);
INSERT INTO "sqlite_sequence" VALUES('user_follow_users',31);
INSERT INTO "sqlite_sequence" VALUES('activity_refs',152);
INSERT INTO "sqlite_sequence" VALUES('locations',38);
INSERT INTO "sqlite_sequence" VALUES('comments',87);
INSERT INTO "sqlite_sequence" VALUES('tweets',98);
INSERT INTO "sqlite_sequence" VALUES('activities',157);
INSERT INTO "sqlite_sequence" VALUES('user_curlocations',38);
CREATE UNIQUE INDEX "unique_schema_migrations" ON "schema_migrations" ("version");
CREATE INDEX "index_location_map_points_on_location_map_id" ON "location_map_points" ("location_map_id");
CREATE INDEX "index_comments_on_tweet_id" ON "comments" ("tweet_id");
COMMIT;
